Tiers; First Pillar ;Second Pillar ;Third Pillar 
NA;State pensions and special arrangements for pensioners ;Occupational pensions ;Personal pensions 
\midrule Third tier ;NA;NA;Rent pension (lifetime) 
(topping up) ;NA;NA;Age pension (at once) 
NA;NA;NA;Rate pension (10 years) 
\midrule Second tier ;NA;Labour market pensions ;NA
(income maintenance) ;NA;(Civil servants’ pensions ) ;NA
NA;NA;(Company pensions) ;NA
\midrule First tier ;ATP: State LM Pension (funded) ;NA;NA
(basic security) ;People’s pension: Basic Amount ;NA;NA
NA;People’s pension: Pension supplement\*;NA;NA
NA;Supplementary pensions benefits\*;NA;NA
NA;Preferential housing benefits\*;NA;NA
NA;Individual supplements (heating, health, personal)\*;NA;NA